name,email,phone,signup_date
Omar Sheikh,,+03012223344,2023-12-25
Omar Sheikh,omar.sheikh@example.com,+923012223344,2024-01-10
Sara Ahmed,sara.ahmed@example.com,+03215556677,2024-01-15
Ali Khan,ali@example.com,+03001234567,2024-02-15
Fatima Noor,fatima@example.com,+03451112233,2024-02-20
Bilal Hussain,bilal.h@example.com,+923339876543,2024-04-03
Hamza Iqbal,hamza@example.com,,2024-04-22
Nadia Farooq,nadia@example.com,+03223334455,2024-04-25
Bilal Hussain,bilal.hussain@work.example,+03339876543,2024-05-01
Hina Raza,hina.raza@example.com,+923124445566,2024-05-10
Zain Malik,zain@example.com,+03007778899,2024-06-01
Zain Malik,zain.malik@example.com,+00923007778899,2024-06-01
Ayesha Siddiqui,ayesha@example.com,+03156667788,2024-08-07
Usman Tariq,usman.t@example.com,+03331239876,
